,Name,Value,Overall_rating,Statistical_rating,Short_name
0,Afonso Rebeiro Figueiredo,2500000.0,71,101.84,Afonso Rebeiro Figueiredo
1,Bernardo Mota Carvalho e Silva,43500000.0,84,126.32432432432432,Bernardo Mota Carvalho e Silva
2,Carlos Miguel Ribeiro Dias,4500000.0,73,58.68888888888888,Carlos Miguel Ribeiro Dias
3,Dante Bonfim Costa Santos,7000000.0,81,57.230303030303034,Dante Bonfim Costa Santos
4,David Luiz Moreira Marinho,33000000.0,86,25.333333333333332,David Luiz Moreira Marinho
5,Diego Carlos Santos Silva,9500000.0,77,71.75294117647057,Diego Carlos Santos Silva
6,Matheus Dória Macedo,3600000.0,72,56.00869565217391,Matheus Dória Macedo
7,Fábio Henrique Tavares,29500000.0,83,147.17297297297296,Fábio Henrique Tavares
8,Gabriel Boschilia,6500000.0,73,130.92727272727276,Gabriel Boschilia
9,Gelson Tavares Fernandes,5500000.0,76,105.13333333333331,Gelson Tavares Fernandes
10,Gonçalo Manuel Ganchinho Guedes,8500000.0,74,7.057142857142856,Gonçalo Manuel Ganchinho Guedes
11,Ivan Cavaleiro,5500000.0,73,17.099999999999998,Ivan Cavaleiro
12,Jemerson de Jesus Nascimento,17500000.0,80,83.60000000000001,Jemerson de Jesus Nascimento
13,Jesé Rodríguez Ruíz,11500000.0,77,34.62222222222222,Jesé Rodríguez Ruíz
14,Jorge Marco de Oliveira Morais,7000000.0,74,155.79999999999998,Jorge Marco de Oliveira Morais
15,Luiz Frello Filho Jorge,22000000.0,81,36.480000000000004,Luiz Frello Filho Jorge
16,Jorge Fernando Barbosa Intima,3100000.0,70,36.480000000000004,Jorge Fernando Barbosa Intima
17,João Filipe Moutinho,20500000.0,82,109.34193548387096,João Filipe Moutinho
18,Kenny Rocha Santos,500000.0,61,44.333333333333336,Kenny Rocha Santos
19,Lucas Pedro Alves de Lima,4000000.0,73,193.20000000000002,Lucas Pedro Alves de Lima
20,Malcom Filipe Silva de Oliveira,25000000.0,81,113.28108108108107,Malcom Filipe Silva de Oliveira
21,Marcos Aoas Corrêa,30500000.0,83,93.6896551724138,Marcos Aoas Corrêa
22,Edson Andre Sitoe,8000000.0,77,85.58260869565217,Edson Andre Sitoe
23,Pedro Henrique Pereira da Silva,10000000.0,77,18.7076923076923,Pedro Henrique Pereira da Silva
24,Pedro Henrique Bueno,650000.0,64,18.7076923076923,Pedro Henrique Bueno
25,Pedro Filipe Teodósio Mendes,4200000.0,73,-25.0,Pedro Filipe Teodósio Mendes
26,Rafael Pereira da Silva,9000000.0,78,111.04444444444445,Rafael Pereira da Silva
27,Rafael Pinheiro Andrade Bittencourt,1600000.0,75,111.04444444444445,Rafael Pinheiro Andrade Bittencourt
28,Rafael Cabral Barbosa,4700000.0,74,111.04444444444445,Rafael Cabral Barbosa
29,Ricardo D. Barbosa Pereira,17000000.0,80,147.56666666666666,Ricardo D. Barbosa Pereira
30,Rolando Jorge Pires da Fonseca,4500000.0,75,113.87333333333335,Rolando Jorge Pires da Fonseca
31,Marcos Paulo Mesquita Lopes,12500000.0,77,91.20000000000002,Marcos Paulo Mesquita Lopes
32,Ryan Isaac Mendes da Graça,3300000.0,72,46.6857142857143,Ryan Isaac Mendes da Graça
33,Sergi Darder Moll,14000000.0,78,40.97391304347826,Sergi Darder Moll
34,Calmon Wergiton do Rosário,4000000.0,73,85.36428571428571,Calmon Wergiton do Rosário
35,Sérgio Miguel Relvas de Oliveira,7500000.0,74,21.533333333333335,Sérgio Miguel Relvas de Oliveira
36,Thiago Emiliano da Silva,34000000.0,88,107.94814814814812,Thiago Emiliano da Silva
37,Miguel Ângelo da Silva Rocha,6000000.0,73,92.66153846153846,Miguel Ângelo da Silva Rocha
38,Éder Macedo Lopes,7500000.0,76,34.44516129032258,Éder Macedo Lopes
39,Éder Luiz Lima de Souza,1000000.0,69,34.44516129032258,Éder Luiz Lima de Souza
40,A. Leya Iseka,1500000.0,68,9.5,A. Leya Iseka
41,A. Diallo,1300000.0,68,104.87999999999997,A. Diallo
42,A. Bamba,1500000.0,70,74.1,A. Bamba
43,A. Keita,450000.0,62,82.33333333333333,A. Keita
44,A. Touré,725000.0,66,30.400000000000002,A. Touré
45,A. Waris,7000000.0,74,80.34285714285714,A. Waris
46,A. Ounas,5000000.0,72,85.35384615384615,A. Ounas
47,A. Diakhaby,5000000.0,72,58.52,A. Diakhaby
48,A. Soumaoro,6500000.0,74,58.266666666666666,A. Soumaoro
49,A. Traoré,2600000.0,72,101.83999999999999,A. Traoré
50,A. Traoré,3400000.0,71,101.83999999999999,A. Traoré
51,A. Hunou,1100000.0,67,57.0,A. Hunou
52,A. Rabiot,23500000.0,81,132.85925925925926,A. Rabiot
53,A. Thomasson,5000000.0,73,81.37241379310343,A. Thomasson
54,A. Yahia,725000.0,72,91.3225806451613,A. Yahia
55,A. Pléa,20500000.0,80,74.632,A. Pléa
56,A. Lafont,11500000.0,77,77.1611111111111,A. Lafont
57,A. Kalulu,1200000.0,67,21.17142857142857,A. Kalulu
58,A. Djiku,6500000.0,74,142.91304347826087,A. Djiku
59,A. Kačaniklić,4800000.0,73,32.858823529411765,A. Kačaniklić
60,A. Søderlund,3100000.0,72,7.376470588235292,A. Søderlund
61,A. Lacazette,48500000.0,85,119.57333333333334,A. Lacazette
62,A. Letellier,6500000.0,76,0.0,A. Letellier
63,A. Llovet,280000.0,58,28.5,A. Llovet
64,A. Mendy,3200000.0,71,6.5636363636363635,A. Mendy
65,A. Blin,4700000.0,72,92.07692307692308,A. Blin
66,A. Busin,675000.0,64,48.13333333333333,A. Busin
67,A. Wakaso,7500000.0,75,74.83076923076923,A. Wakaso
68,A. Saint-Maximin,11500000.0,76,83.04117647058824,A. Saint-Maximin
69,A. Touré,5000000.0,73,116.28,A. Touré
70,A. Areola,15000000.0,80,78.78666666666666,A. Areola
71,A. Bassi,270000.0,58,98.79999999999998,A. Bassi
72,A. Harit,4200000.0,71,107.28666666666666,A. Harit
73,A. Donis,4100000.0,71,42.644444444444446,A. Donis
74,A. Raggi,3100000.0,76,62.15714285714285,A. Raggi
75,A. Delort,10000000.0,76,48.13333333333333,A. Delort
76,A. Koura,3100000.0,71,21.279999999999998,A. Koura
77,A. Lopes,21500000.0,83,76.92432432432433,A. Lopes
78,A. Maisonnial,975000.0,66,152.0,A. Maisonnial
79,A. Walongwa,1200000.0,69,91.19999999999999,A. Walongwa
80,A. Robic,1600000.0,70,66.5,A. Robic
81,A. El Ghazi,7500000.0,74,29.766666666666666,A. El Ghazi
82,A. Lusamba,3100000.0,70,66.5,A. Lusamba
83,A. Nordin,1100000.0,66,65.36,A. Nordin
84,A. Souquet,8000000.0,76,133.5846153846154,A. Souquet
85,A. Bouka Moutou,1400000.0,70,129.96,A. Bouka Moutou
86,A. Mvuemba,3000000.0,73,83.8375,A. Mvuemba
87,A. Ngando,2500000.0,70,38.190000000000005,A. Ngando
88,B. Gomis,11500000.0,79,62.39354838709678,B. Gomis
89,B. Reynet,8500000.0,78,65.21621621621621,B. Reynet
90,B. Santamaria,7500000.0,75,131.66486486486485,B. Santamaria
91,B. Srarfi,2000000.0,68,28.119999999999997,B. Srarfi
92,B. André,9000000.0,77,146.19444444444446,B. André
93,B. Corgnet,2900000.0,72,33.440000000000005,B. Corgnet
94,B. Jeannot,4100000.0,72,-13.635294117647058,B. Jeannot
95,B. Lecomte,9500000.0,78,24.393548387096782,B. Lecomte
96,B. Leroy,1400000.0,70,190.0,B. Leroy
97,B. Mendy,13000000.0,78,139.384,B. Mendy
98,B. Moukandjo,0.0,77,95.912,B. Moukandjo
99,B. Assou-Ekotto,900000.0,71,107.24444444444444,B. Assou-Ekotto
100,B. Costil,15000000.0,82,68.7,B. Costil
101,B. Pedretti,425000.0,72,109.9076923076923,B. Pedretti
102,B. Ketkeophomphone,9000000.0,76,136.04,B. Ketkeophomphone
103,B. Matuidi,28500000.0,85,93.54705882352941,B. Matuidi
104,B. Sarr,1300000.0,69,47.646153846153844,B. Sarr
105,B. Dabo,7500000.0,74,28.771428571428572,B. Dabo
106,B. Passi,500000.0,62,57.0,B. Passi
107,C. Ninga,7500000.0,74,86.55555555555556,C. Ninga
108,C. Doukouré,4700000.0,73,124.08965517241379,C. Doukouré
109,C. M'Bengue,1900000.0,71,86.64000000000001,C. M'Bengue
110,C. N'Doye,6500000.0,76,60.22424242424242,C. N'Doye
111,C. Philipps,925000.0,67,87.74545454545454,C. Philipps
112,C. Jallet,3400000.0,77,139.72307692307692,C. Jallet
113,C. Kerbrat,4900000.0,75,109.76571428571428,C. Kerbrat
114,C. Mandanne,1900000.0,71,-21.09,C. Mandanne
115,C. Jullien,8500000.0,76,81.10285714285713,C. Jullien
116,C. Nkunku,3900000.0,71,31.825,C. Nkunku
117,C. Chantôme,3800000.0,73,74.37142857142858,C. Chantôme
118,C. Grenier,6500000.0,74,6.6499999999999995,C. Grenier
119,C. Lenglet,14500000.0,79,136.16666666666666,C. Lenglet
120,C. Michelin,4000000.0,71,123.975,C. Michelin
121,C. Jean,10000000.0,74,67.13333333333333,C. Jean
122,C. Tolisso,30500000.0,82,117.18709677419353,C. Tolisso
123,C. Carrasso,4200000.0,81,74.41666666666667,C. Carrasso
124,C. Varrault,240000.0,70,99.5125,C. Varrault
125,D. Da Silva,8000000.0,77,117.16666666666667,D. Da Silva
126,D. Congré,3200000.0,74,84.70833333333333,D. Congré
127,D. Subašić,22000000.0,85,145.03333333333333,D. Subašić
128,D. Petrić,1200000.0,70,-78.11111111111111,D. Petrić
129,D. Guidileye,1700000.0,70,86.76666666666667,D. Guidileye
130,D. Contento,2900000.0,72,149.87199999999999,D. Contento
131,D. Rolán,11500000.0,77,82.81379310344828,D. Rolán
132,D. Cavaré,2100000.0,70,133.0,D. Cavaré
133,D. Payet,24500000.0,83,137.30666666666667,D. Payet
134,D. Sidibé,13000000.0,79,137.06206896551723,D. Sidibé
135,D. Lukebakio,1400000.0,67,37.24,D. Lukebakio
136,D. Lévêque,2200000.0,71,237.5,D. Lévêque
137,D. Bahamboula,1200000.0,68,21.418181818181814,D. Bahamboula
138,D. Saint-Louis,1200000.0,68,262.2,D. Saint-Louis
139,E. Cavani,48500000.0,87,106.61111111111111,E. Cavani
140,E. Kawashima,1300000.0,72,79.8,E. Kawashima
141,E. Skhiri,6500000.0,74,136.18378378378378,E. Skhiri
142,E. Mammana,10000000.0,75,122.94117647058823,E. Mammana
143,E. Sala,12500000.0,78,54.65294117647059,E. Sala
144,E. Kwateng,1100000.0,67,135.71428571428572,E. Kwateng
145,E. Crivelli,8000000.0,74,58.10833333333334,E. Crivelli
146,E. Cabaco,1500000.0,69,92.72,E. Cabaco
147,E. Lenjani,1500000.0,70,13.299999999999999,E. Lenjani
148,E. Koffi,450000.0,63,135.53333333333333,E. Koffi
149,F. Lemoine,2900000.0,72,57.0,F. Lemoine
150,F. Maouassa,2500000.0,70,76.0,F. Maouassa
151,F. Diagne,1500000.0,70,53.83333333333332,F. Diagne
152,F. Diedhiou,5500000.0,73,37.63225806451613,F. Diedhiou
153,F. Boulaya,2400000.0,70,17.1,F. Boulaya
154,F. Bahlouli,2500000.0,70,7.600000000000001,F. Bahlouli
155,F. Pardo,7000000.0,75,40.92307692307692,F. Pardo
156,F. Tait,1400000.0,69,107.43636363636364,F. Tait
157,F. Balmont,750000.0,71,88.88695652173912,F. Balmont
158,F. Mollet,900000.0,67,45.751999999999995,F. Mollet
159,F. Pogba,9000000.0,77,145.0705882352941,F. Pogba
160,F. Thauvin,28000000.0,82,139.3,F. Thauvin
161,F. Chafik,2200000.0,72,185.49629629629632,F. Chafik
162,F. Bellugou,1800000.0,71,45.30769230769231,F. Bellugou
163,F. Kamano,10500000.0,76,58.9,F. Kamano
164,F. Moubandje,5000000.0,74,105.84117647058822,F. Moubandje
165,F. Sammaritano,3500000.0,73,103.9483870967742,F. Sammaritano
166,F. Doré,550000.0,65,10.555555555555555,F. Doré
167,Gabriel Boschilia,6500000.0,73,130.92727272727276,Gabriel Boschilia
168,G. Hein,975000.0,65,57.87692307692308,G. Hein
169,G. Danic,450000.0,69,90.80689655172415,G. Danic
170,G. Laborde,5500000.0,73,45.07222222222222,G. Laborde
171,G. Jourdren,3400000.0,74,-50.56923076923077,G. Jourdren
172,G. Mandjeck,1400000.0,70,114.13103448275861,G. Mandjeck
173,G. Sunu,2800000.0,71,37.6695652173913,G. Sunu
174,G. Lo Celso,10000000.0,74,-0.9500000000000008,G. Lo Celso
175,G. Sio,7000000.0,75,17.32352941176471,G. Sio
176,G. Krychowiak,17500000.0,81,79.80000000000001,G. Krychowiak
177,G. Bourillon,300000.0,67,77.52,G. Bourillon
178,G. Sertic,5500000.0,75,83.6,G. Sertic
179,G. Carrillo,6500000.0,74,46.2,G. Carrillo
180,H. Diallo,1100000.0,67,12.2,H. Diallo
181,H. Maïga,1200000.0,67,44.080000000000005,H. Maïga
182,H. Mendyl,550000.0,63,45.6,H. Mendyl
183,H. Ben Arfa,17000000.0,81,17.843478260869567,H. Ben Arfa
184,H. Bedimo,1200000.0,72,78.85000000000001,H. Bedimo
185,H. Saivet,11000000.0,77,65.86666666666666,H. Saivet
186,H. Bazile,3300000.0,72,74.8,H. Bazile
187,H. Mahou,900000.0,64,0.0,H. Mahou
188,H. Sakai,7000000.0,76,128.11428571428573,H. Sakai
189,H. Aouar,2300000.0,69,36.733333333333334,H. Aouar
190,I. Amadou,8000000.0,75,101.62285714285713,I. Amadou
191,I. Sangaré,2700000.0,70,160.35999999999999,I. Sangaré
192,I. Sangaré,180000.0,58,160.35999999999999,I. Sangaré
193,I. Lewczuk,2300000.0,73,72.2,I. Lewczuk
194,I. Kiese Thelin,3000000.0,71,11.942857142857145,I. Kiese Thelin
195,I. Mbenza,2600000.0,70,52.487500000000004,I. Mbenza
196,I. Diomandé,4500000.0,73,95.94999999999999,I. Diomandé
197,I. Traoré,5500000.0,76,83.00625000000001,I. Traoré
198,I. Cissokho,1300000.0,71,115.16923076923078,I. Cissokho
199,I. Diop,12000000.0,76,95.63333333333334,I. Diop
200,I. Sylla,3100000.0,71,93.5925925925926,I. Sylla
201,I. Dia,1700000.0,70,73.79354838709678,I. Dia
202,Ivan Cavaleiro,5500000.0,73,17.099999999999998,Ivan Cavaleiro
203,I. Santini,7000000.0,75,59.45882352941177,I. Santini
204,J. Lea Siliki,500000.0,62,72.2,J. Lea Siliki
205,J. Plašil,1700000.0,73,105.68108108108109,J. Plašil
206,J. Pastore,25500000.0,83,64.6,J. Pastore
207,J. Augustin,4700000.0,72,17.479999999999997,J. Augustin
208,J. Leca,5500000.0,77,46.49411764705882,J. Leca
209,J. Mateta,675000.0,62,-28.5,J. Mateta
210,J. Makengo,1100000.0,65,48.95294117647058,J. Makengo
211,J. Louis,2400000.0,70,41.8,J. Louis
212,J. Moulin,550000.0,68,180.5,J. Moulin
213,J. Pi,1200000.0,69,33.946666666666665,J. Pi
214,J. Cabot,5500000.0,73,126.16,J. Cabot
215,J. Durmaz,6500000.0,75,61.22222222222222,J. Durmaz
216,J. Cuffaut,1800000.0,71,130.71999999999997,J. Cuffaut
217,J. Gastien,850000.0,68,54.973333333333336,J. Gastien
218,J. Bamba,4100000.0,71,85.02499999999999,J. Bamba
219,J. Delaplace,3400000.0,73,112.04242424242425,J. Delaplace
220,J. Martins Pereira,1600000.0,71,97.63076923076923,J. Martins Pereira
221,J. Rivierez,1400000.0,70,118.98749999999998,J. Rivierez
222,J. Adéoti,5000000.0,74,101.61481481481479,J. Adéoti
223,J. Ferri,8000000.0,75,20.49285714285714,J. Ferri
224,J. Ikoko,6500000.0,74,109.77777777777777,J. Ikoko
225,J. Leborgne,1300000.0,67,133.0,J. Leborgne
226,J. Lotiès,1000000.0,70,96.26666666666667,J. Lotiès
227,J. Marié,4900000.0,73,103.07499999999999,J. Marié
228,J. Tell,475000.0,62,9.120000000000001,J. Tell
229,J. Veretout,12000000.0,77,126.37714285714286,J. Veretout
230,J. Gnagnon,10000000.0,76,102.74074074074075,J. Gnagnon
231,J. Marveaux,550000.0,70,86.92499999999998,J. Marveaux
232,J. Iloki,2200000.0,70,55.84347826086957,J. Iloki
233,J. Draxler,39500000.0,84,73.54117647058824,J. Draxler
234,J. Cétout,2400000.0,72,106.26428571428572,J. Cétout
235,J. Féret,2700000.0,74,143.7485714285714,J. Féret
236,J. Bela,1200000.0,68,31.757142857142856,J. Bela
237,J. Clément,2300000.0,73,85.11999999999999,J. Clément
238,J. Morel,2700000.0,75,114.26206896551724,J. Morel
239,J. Ménez,8500000.0,77,31.56923076923077,J. Ménez
240,J. Sorbon,2300000.0,74,74.04242424242425,J. Sorbon
241,J. Prior,3500000.0,72,58.357142857142854,J. Prior
242,J. Roussillon,8500000.0,76,127.0625,J. Roussillon
243,K. Glik,30000000.0,85,72.93888888888888,K. Glik
244,K. Grosicki,7500000.0,76,97.85000000000001,K. Grosicki
245,K. Coulibaly,750000.0,65,62.48888888888889,K. Coulibaly
246,K. Rekik,4700000.0,73,72.2,K. Rekik
247,K. Johnsson,5500000.0,75,39.74594594594595,K. Johnsson
248,K. Dolly,4100000.0,72,50.349999999999994,K. Dolly
249,Kenny Rocha Santos,500000.0,61,44.333333333333336,Kenny Rocha Santos
250,K. Erasmus,1300000.0,69,4.75,K. Erasmus
251,K. Lejeune,425000.0,65,69.75714285714287,K. Lejeune
252,K. Trapp,14500000.0,81,158.01666666666668,K. Trapp
253,K. Sanson,625000.0,63,-19.0,K. Sanson
254,K. Djidji,7500000.0,75,86.99285714285713,K. Djidji
255,K. Sigþórsson,3300000.0,72,-19.0,K. Sigþórsson
256,K. Mbappé,41500000.0,83,83.46896551724137,K. Mbappé
257,K. Bérigaud,1800000.0,70,25.723076923076924,K. Bérigaud
258,K. Malcuit,6500000.0,75,181.032,K. Malcuit
259,K. Monnet-Paquet,4000000.0,73,81.14117647058822,K. Monnet-Paquet
260,K. N'Doram,825000.0,65,129.96,K. N'Doram
261,K. Théophile-Catherine,7500000.0,76,88.25806451612904,K. Théophile-Catherine
262,L. Coulibaly,3300000.0,71,103.35999999999999,L. Coulibaly
263,L. Pionnier,1300000.0,74,24.016,L. Pionnier
264,L. Kurzawa,16500000.0,80,114.84444444444443,L. Kurzawa
265,L. Nangis,2400000.0,70,40.53333333333333,L. Nangis
266,L. Rose,3400000.0,72,57.0,L. Rose
267,L. Callegari,875000.0,64,0.0,L. Callegari
268,L. Perrin,17500000.0,83,136.0962962962963,L. Perrin
269,L. Puyo,900000.0,68,99.4909090909091,L. Puyo
270,L. Deaux,6000000.0,76,89.39999999999999,L. Deaux
271,L. Tousart,13500000.0,78,122.2909090909091,L. Tousart
272,L. Baal,5000000.0,76,129.89090909090908,L. Baal
273,L. Blas,6500000.0,73,33.09166666666666,L. Blas
274,L. Pokorný,4700000.0,73,57.87692307692306,L. Pokorný
275,L. Lacroix,3500000.0,72,59.46999999999999,L. Lacroix
276,M. Rybus,2600000.0,72,102.6,M. Rybus
277,M. Sarr,10500000.0,75,89.5111111111111,M. Sarr
278,M. Tisserand,4700000.0,73,106.39999999999999,M. Tisserand
279,M. Verratti,64500000.0,87,162.04285714285714,M. Verratti
280,M. Coco,10500000.0,76,84.60588235294117,M. Coco
281,M. Balotelli,24500000.0,82,79.30434782608695,M. Balotelli
282,M. Stępiński,2500000.0,70,33.476190476190474,M. Stępiński
283,M. Braithwaite,11000000.0,77,69.62941176470588,M. Braithwaite
284,M. Terrier,975000.0,65,34.54545454545455,M. Terrier
285,M. Martin,3000000.0,72,62.699999999999996,M. Martin
286,M. Pavlović,2200000.0,71,32.61666666666667,M. Pavlović
287,M. Bodmer,1200000.0,73,33.85454545454545,M. Bodmer
288,M. Cafaro,1400000.0,66,50.35,M. Cafaro
289,M. Deplagne,925000.0,68,61.800000000000004,M. Deplagne
290,M. Gorgelin,950000.0,69,0.0,M. Gorgelin
291,M. Michel,3700000.0,73,56.50434782608696,M. Michel
292,M. Valbuena,14000000.0,81,88.54,M. Valbuena
293,M. Dreyer,850000.0,69,152.0,M. Dreyer
294,M. Udol,700000.0,64,148.2,M. Udol
295,M. Guendouzi,750000.0,64,67.92499999999998,M. Guendouzi
296,M. Arambarri,1400000.0,69,22.8,M. Arambarri
297,M. Goicoechea,2100000.0,72,266.0,M. Goicoechea
298,M. Barthelmé,2400000.0,71,62.48888888888889,M. Barthelmé
299,M. Dupé,2900000.0,72,80.27499999999999,M. Dupé
300,M. Gonalons,12000000.0,80,176.7,M. Gonalons
301,M. Le Marchand,7500000.0,76,45.6,M. Le Marchand
302,M. Lopez,8500000.0,74,86.13333333333334,M. Lopez
303,M. Poundjé,2500000.0,71,92.82857142857144,M. Poundjé
304,M. Cornet,6000000.0,73,67.47878787878787,M. Cornet
305,M. Abeid,3000000.0,71,149.15,M. Abeid
306,M. Zeffane,1100000.0,69,11.400000000000002,M. Zeffane
307,M. Depay,17000000.0,79,118.02352941176471,M. Depay
308,M. Erdinç,5500000.0,74,29.291666666666668,M. Erdinç
309,M. Ciani,1300000.0,72,100.62399999999998,M. Ciani
310,M. Le Bihan,3300000.0,72,40.28,M. Le Bihan
311,M. Maignan,4500000.0,73,105.85714285714286,M. Maignan
312,M. Biševac,2300000.0,74,68.58095238095238,M. Biševac
313,M. Gajić,3600000.0,72,69.21428571428571,M. Gajić
314,M. Diagne,1100000.0,68,94.65454545454546,M. Diagne
315,M. Mara,375000.0,61,90.77777777777777,M. Mara
316,M. Amalfitano,3100000.0,73,52.37391304347827,M. Amalfitano
317,M. Poaty,600000.0,63,19.0,M. Poaty
318,M. Sanson,20000000.0,80,131.7675675675676,M. Sanson
319,M. Fofana,2200000.0,70,56.457142857142856,M. Fofana
320,M. Diakhaby,7000000.0,74,84.8090909090909,M. Diakhaby
321,M. Dabo,1700000.0,71,81.7,M. Dabo
322,M. Diallo,2100000.0,72,66.93846153846154,M. Diallo
323,N. Dirar,7000000.0,76,75.78888888888889,N. Dirar
324,N. Fekir,29000000.0,82,76.47500000000001,N. Fekir
325,N. Sliti,7000000.0,74,119.7,N. Sliti
326,N. Thomsen,2300000.0,70,30.984615384615385,N. Thomsen
327,N. Basin,160000.0,58,102.60000000000001,N. Basin
328,N. Benezet,3700000.0,72,86.63999999999999,N. Benezet
329,N. Janvier,425000.0,60,9.5,N. Janvier
330,N. Nkoulou,10000000.0,78,97.63076923076923,N. Nkoulou
331,N. Pallois,6000000.0,76,102.23225806451613,N. Pallois
332,N. Pépé,4600000.0,72,66.09696969696971,N. Pépé
333,N. Saint-Ruf,1200000.0,69,66.18333333333332,N. Saint-Ruf
334,N. De Pauw,2500000.0,71,32.3,N. De Pauw
335,N. Roux,4000000.0,73,57.36190476190476,N. Roux
336,N. Mukiele,4500000.0,72,198.94117647058823,N. Mukiele
337,O. Toivonen,6500000.0,75,34.09142857142857,O. Toivonen
338,O. Boscagli,3600000.0,71,205.20000000000002,O. Boscagli
339,O. Kemen,3100000.0,70,64.60000000000001,O. Kemen
340,O. Nguette,4300000.0,72,88.32121212121211,O. Nguette
341,O. Vizcarrondo,1600000.0,73,30.96999999999999,O. Vizcarrondo
342,O. Haddadi,700000.0,66,125.1076923076923,O. Haddadi
343,O. Tannane,7500000.0,74,106.62352941176471,O. Tannane
344,P. Martinez,600000.0,67,105.13333333333333,P. Martinez
345,P. Sané,3200000.0,71,8.476923076923079,P. Sané
346,P. Evra,1400000.0,79,114.34545454545452,P. Evra
347,P. Burner,625000.0,63,49.39999999999999,P. Burner
348,P. Baysse,8000000.0,78,110.89090909090909,P. Baysse
349,P. Delecroix,925000.0,69,-65.68571428571428,P. Delecroix
350,P. Lasne,5500000.0,74,111.94166666666665,P. Lasne
351,P. Ntep,16000000.0,79,117.54666666666668,P. Ntep
352,P. Bengtsson,3000000.0,73,108.68,P. Bengtsson
353,P. Lees-Melou,8500000.0,75,128.4875,P. Lees-Melou
354,P. Hamel,375000.0,61,25.333333333333332,P. Hamel
355,P. Polomat,975000.0,68,87.05454545454546,P. Polomat
356,P. Capelle,5000000.0,74,82.64999999999999,P. Capelle
357,P. Kimpembe,12000000.0,77,79.0,P. Kimpembe
358,P. Oniangué,1800000.0,70,74.37142857142858,P. Oniangué
359,P. Nakoulma,6500000.0,75,69.78181818181818,P. Nakoulma
360,Q. Bernard,875000.0,69,174.2571428571428,Q. Bernard
361,Q. Depehi,675000.0,63,-19.0,Q. Depehi
362,R. Ghezzal,9500000.0,76,60.94615384615385,R. Ghezzal
363,R. Bensebaini,7500000.0,75,125.096,R. Bensebaini
364,R. Civelli,3100000.0,76,78.33846153846153,R. Civelli
365,R. Cohade,4400000.0,74,148.43030303030304,R. Cohade
366,R. Kishna,9500000.0,75,43.18181818181818,R. Kishna
367,R. Mavuba,2700000.0,75,48.133333333333326,R. Mavuba
368,R. Berić,9500000.0,76,39.554545454545455,R. Berić
369,R. Fanni,725000.0,72,81.15714285714286,R. Fanni
370,R. Alessandrini,9000000.0,77,19.633333333333336,R. Alessandrini
371,R. Amalfitano,3400000.0,73,84.91538461538462,R. Amalfitano
372,R. Danzé,2900000.0,73,98.4742857142857,R. Danzé
373,R. Genevois,2400000.0,72,104.06153846153846,R. Genevois
374,R. Hamouma,10000000.0,78,98.93103448275862,R. Hamouma
375,R. Philippoteaux,3900000.0,73,62.32,R. Philippoteaux
376,R. Salin,3200000.0,74,349.59999999999997,R. Salin
377,R. Thomas,11500000.0,80,69.77222222222221,R. Thomas
378,R. Pierre-Gabriel,3200000.0,71,168.55714285714285,R. Pierre-Gabriel
379,R. Rodelin,4200000.0,73,104.14054054054054,R. Rodelin
380,R. Boudebouz,20500000.0,81,157.52727272727273,R. Boudebouz
381,R. Walter,8000000.0,74,68.05454545454546,R. Walter
382,R. Cabella,8000000.0,76,69.0551724137931,R. Cabella
383,R. Riou,3800000.0,74,15.372727272727273,R. Riou
384,R. Vercoutre,525000.0,76,8.941176470588236,R. Vercoutre
385,S. Diallo,2100000.0,70,70.43571428571428,S. Diallo
386,S. Prcić,4400000.0,73,59.28,S. Prcić
387,S. Khaoui,2400000.0,70,28.288888888888895,S. Khaoui
388,S. Aurier,19000000.0,81,128.16363636363636,S. Aurier
389,S. N'Guessan,925000.0,66,48.97777777777778,S. N'Guessan
390,S. Sy,350000.0,62,114.0,S. Sy
391,S. Falette,7000000.0,75,96.73714285714284,S. Falette
392,S. Privat,6000000.0,74,11.4,S. Privat
393,S. Camara,550000.0,69,35.69285714285714,S. Camara
394,S. Yago,2600000.0,71,111.58181818181816,S. Yago
395,S. Mounié,11000000.0,76,36.26285714285714,S. Mounié
396,S. Moreira,2800000.0,71,94.21379310344828,S. Moreira
397,S. Sunzu,2200000.0,71,57.0,S. Sunzu
398,S. Ruffier,24500000.0,85,81.14838709677419,S. Ruffier
399,S. Sessègnon,3900000.0,75,84.16296296296296,S. Sessègnon
400,S. Ben Youssef,2800000.0,72,120.70588235294117,S. Ben Youssef
401,S. Marveaux,6000000.0,75,96.425,S. Marveaux
402,S. Corchia,12000000.0,79,173.5,S. Corchia
403,T. Motta,5500000.0,81,54.846666666666664,T. Motta
404,T. Giresse,600000.0,70,50.86153846153846,T. Giresse
405,T. Vion,900000.0,66,24.261538461538464,T. Vion
406,T. Bifouma,7500000.0,74,59.98571428571429,T. Bifouma
407,T. Didillon,3900000.0,72,42.393750000000004,T. Didillon
408,T. Lemar,38500000.0,83,168.98823529411763,T. Lemar
409,T. Mangani,9500000.0,78,160.2705882352941,T. Mangani
410,T. Meunier,18500000.0,81,119.00909090909092,T. Meunier
411,T. Touré,5000000.0,73,86.13333333333333,T. Touré
412,T. Pellenard,2000000.0,70,77.9,T. Pellenard
413,T. Badila,425000.0,63,144.54615384615383,T. Badila
414,T. Hubočan,2700000.0,73,104.93846153846154,T. Hubočan
415,V. Eysseric,12500000.0,78,92.37931034482759,V. Eysseric
416,V. Rongier,14000000.0,78,156.53548387096774,V. Rongier
417,V. Rosier,750000.0,66,78.53333333333332,V. Rosier
418,V. Germain,16000000.0,80,70.61666666666667,V. Germain
419,V. Bessat,4900000.0,74,158.57297297297296,V. Bessat
420,V. Enyeama,6000000.0,80,44.53125,V. Enyeama
421,V. Koziello,14500000.0,78,75.43703703703703,V. Koziello
422,V. Le Goff,3700000.0,73,116.8,V. Le Goff
423,V. Manceau,4600000.0,74,121.83030303030303,V. Manceau
424,V. Marcel,1700000.0,68,58.900000000000006,V. Marcel
425,V. Marchetti,1500000.0,68,78.23529411764706,V. Marchetti
426,V. Muratori,800000.0,69,186.8705882352941,V. Muratori
427,V. Pajot,6000000.0,74,102.96190476190475,V. Pajot
428,V. Rüfli,1300000.0,70,172.0,V. Rüfli
429,V. Thill,900000.0,64,-57.0,V. Thill
430,V. Jovanović,7500000.0,74,89.77499999999999,V. Jovanović
431,W. Mesloub,1600000.0,71,60.07619047619048,W. Mesloub
432,W. Benítez,2400000.0,71,76.0,W. Benítez
433,W. Lautoa,2400000.0,72,120.15238095238097,W. Lautoa
434,W. Saïd,1600000.0,69,44.536,W. Saïd
435,W. Moimbé,825000.0,69,32.3,W. Moimbé
436,W. Rémy,1900000.0,70,81.82666666666665,W. Rémy
437,W. Vainqueur,10000000.0,79,152.5241379310345,W. Vainqueur
438,W. Cyprien,18500000.0,79,114.39310344827587,W. Cyprien
439,Y. Bammou,2900000.0,71,47.975,Y. Bammou
440,Y. Sylla,3300000.0,72,89.0,Y. Sylla
441,Y. Bodiger,4400000.0,72,101.68275862068964,Y. Bodiger
442,Y. Jouffre,3100000.0,73,94.05,Y. Jouffre
443,Y. Karamoh,4900000.0,71,85.01142857142857,Y. Karamoh
444,Y. Cahuzac,2300000.0,73,131.2965517241379,Y. Cahuzac
445,Y. Salibur,10500000.0,77,144.8342857142857,Y. Salibur
446,Y. Benzia,10500000.0,76,86.64,Y. Benzia
447,Y. Cardinale,12000000.0,79,133.2111111111111,Y. Cardinale
448,Y. Wissa,950000.0,65,-15.200000000000001,Y. Wissa
449,Y. Andreu,2500000.0,72,115.89999999999999,Y. Andreu
450,Y. Gourcuff,10000000.0,78,103.02222222222223,Y. Gourcuff
451,Y. Pelé,2700000.0,75,120.2,Y. Pelé
452,Y. Sankharé,9000000.0,77,90.7891891891892,Y. Sankharé
453,Y. Belhanda,18500000.0,81,58.225806451612904,Y. Belhanda
454,Y. Maziz,300000.0,60,7.6000000000000005,Y. Maziz
455,Y. Hadji,625000.0,70,7.599999999999999,Y. Hadji
456,Y. Koné,600000.0,64,216.59999999999997,Y. Koné
457,Y. Sabaly,9500000.0,77,180.5,Y. Sabaly
458,Y. Abdelhamid,1400000.0,70,118.43333333333332,Y. Abdelhamid
459,Y. Bissouma,2800000.0,70,67.24347826086957,Y. Bissouma
460,Z. Touré,1700000.0,70,75.3391304347826,Z. Touré
461,Z. Youssouf,875000.0,64,19.0,Z. Youssouf
462,Z. Machach,5500000.0,73,47.11999999999999,Z. Machach
463,A. Lang,1200000.0,69,45.400000000000006,A. Lang
464,A. Di María,37500000.0,85,128.28275862068966,A. Di María
465,O. Trejo,8500000.0,77,155.40689655172415,O. Trejo
